id,first_name,last_name,email,ip_address
1,Phedra,Danovich,pdanovich0@ow.ly,48.37.201.92
2,Buddie,Lattimer,blattimer1@microsoft.com,174.102.202.127
3,Amelia,Armatage,aarmatage2@list-manage.com,126.148.9.84
4,Ludvig,Harty,lharty3@vkontakte.ru,253.67.209.215
5,Kennith,Valler,kvaller4@bbc.co.uk,181.159.19.150
6,Tammy,Sansam,tsansam5@dell.com,51.204.93.149
7,Fayette,Woodson,fwoodson6@qq.com,132.183.89.156
8,Merrick,Michelmore,mmichelmore7@addtoany.com,232.238.213.194
9,Galen,Bummfrey,gbummfrey8@nhs.uk,206.230.217.196
10,Kyle,Curgenuer,kcurgenuer9@umich.edu,198.114.38.29
11,Dyanna,Plom,dploma@miibeian.gov.cn,158.93.50.186
12,Ranique,Krout,rkroutb@oracle.com,225.236.164.5
13,Philly,Woodington,pwoodingtonc@cbc.ca,36.105.160.132
14,Jonathon,Sloegrave,jsloegraved@ovh.net,0.17.6.65
15,Lauretta,Thing,lthinge@ca.gov,117.37.126.148
16,Lindie,Argent,largentf@house.gov,234.218.65.171
17,Stacie,Pedrick,spedrickg@dagondesign.com,100.52.221.45
18,Elwyn,Toffoletto,etoffolettoh@ebay.com,96.156.255.175
19,Elsi,Jannex,ejannexi@nifty.com,214.107.228.148
20,Ofelia,Honeyghan,ohoneyghanj@cloudflare.com,180.163.71.155
21,Brittney,Webber,bwebberk@tamu.edu,234.44.95.184
22,Asa,Burchill,aburchilll@vinaora.com,7.251.4.129
23,Klement,Darlaston,kdarlastonm@elpais.com,88.192.6.141
24,Gauthier,Jugging,gjuggingn@cyberchimps.com,167.4.212.55
25,Alaster,Scampion,ascampiono@eventbrite.com,246.119.138.81
26,Lilah,Collcutt,lcollcuttp@nbcnews.com,115.190.158.79
27,Ronna,Reynalds,rreynaldsq@yale.edu,234.92.16.109
28,Gusella,McKeighen,gmckeighenr@berkeley.edu,204.232.172.86
29,Allix,Tillard,atillards@usnews.com,85.8.235.77
30,Isabella,Johl,ijohlt@issuu.com,126.21.229.231
31,Konstanze,Brim,kbrimu@virginia.edu,29.253.158.169
32,Irita,Heustace,iheustacev@ucoz.com,2.43.21.220
33,Lynn,Eddoes,leddoesw@uol.com.br,67.161.150.153
34,Amargo,Avesque,aavesquex@amazon.de,78.167.8.165
35,Romeo,Bidder,rbiddery@marriott.com,92.28.220.43
36,Marget,Keady,mkeadyz@marriott.com,62.238.32.88
37,Bili,Casewell,bcasewell10@latimes.com,38.62.59.188
38,Evyn,Willison,ewillison11@chron.com,185.200.148.154
39,Hilary,Fassbindler,hfassbindler12@ihg.com,148.97.216.211
40,Guido,Andriolli,gandriolli13@chicagotribune.com,232.122.24.121
41,Martica,Tallow,mtallow14@house.gov,5.148.190.168
42,Rickey,Storms,rstorms15@statcounter.com,203.174.51.157
43,Opaline,Teacy,oteacy16@mit.edu,129.209.179.10
44,Cherice,Kennler,ckennler17@dot.gov,76.192.166.242
45,Minnaminnie,Stallibrass,mstallibrass18@hubpages.com,218.232.105.53
46,Killy,Learoyd,klearoyd19@oracle.com,217.163.170.192
47,Nonnah,Leggen,nleggen1a@hostgator.com,219.129.173.242
48,Izzy,Aldington,ialdington1b@epa.gov,210.207.4.182
49,Wilhelmine,Nassau,wnassau1c@goodreads.com,53.245.179.96
50,Ryan,Leverson,rleverson1d@naver.com,226.135.137.76
51,Archer,Comberbeach,acomberbeach1e@google.co.uk,251.98.33.126
52,Karoly,Backsal,kbacksal1f@state.tx.us,143.175.116.223
53,Noach,Robertucci,nrobertucci1g@cloudflare.com,218.234.134.230
54,Oliy,Burkart,oburkart1h@opera.com,141.73.2.133
55,Lisle,Nesfield,lnesfield1i@twitter.com,53.22.58.243
56,Jethro,Clynter,jclynter1j@pinterest.com,195.195.17.214
57,Auberta,Hebbron,ahebbron1k@wikipedia.org,16.96.178.29
58,Burch,O'Kuddyhy,bokuddyhy1l@dagondesign.com,178.88.126.156
59,Kissiah,Jamblin,kjamblin1m@newyorker.com,187.185.246.171
60,Hyacinthie,Tennewell,htennewell1n@earthlink.net,193.138.15.34
61,Zackariah,Reyna,zreyna1o@google.nl,135.54.47.11
62,Barron,Gwilliams,bgwilliams1p@eventbrite.com,216.154.99.103
63,Keene,Memory,kmemory1q@ibm.com,169.168.83.240
64,Ki,Harvett,kharvett1r@istockphoto.com,92.228.50.233
65,Ruthann,Kach,rkach1s@guardian.co.uk,182.115.45.162
66,Trudie,Saben,tsaben1t@gmpg.org,182.205.45.72
67,Faydra,Gonsalvo,fgonsalvo1u@sina.com.cn,105.78.162.160
68,Averell,Weatherell,aweatherell1v@abc.net.au,66.154.182.48
69,Glori,Slimme,gslimme1w@smh.com.au,96.92.20.14
70,Benedick,Clemenza,bclemenza1x@nifty.com,100.192.68.30
71,Ryon,Pennuzzi,rpennuzzi1y@who.int,5.149.110.83
72,Kristin,Osband,kosband1z@house.gov,249.18.211.168
73,Meredith,O'Reilly,moreilly20@discuz.net,197.193.245.94
74,Bord,Soots,bsoots21@shareasale.com,136.94.4.158
75,Kaylyn,Sugars,ksugars22@theguardian.com,160.255.32.216
76,Kingsly,Amerighi,kamerighi23@blogspot.com,150.203.195.106
77,Kele,Adnam,kadnam24@homestead.com,68.136.107.20
78,Herminia,Sydney,hsydney25@tuttocitta.it,45.28.34.204
79,Devland,Archard,darchard26@forbes.com,78.134.30.81
80,Farly,Arrow,farrow27@wsj.com,30.182.204.235
81,Glynn,Barfoot,gbarfoot28@netscape.com,1.61.250.12
82,Kalle,Buggy,kbuggy29@skyrock.com,165.85.254.231
83,Talya,Shuard,tshuard2a@vk.com,62.209.183.31
84,Myrtice,Fulstow,mfulstow2b@spiegel.de,2.103.212.142
85,Elnora,Livesley,elivesley2c@columbia.edu,9.48.0.118
86,Marlie,Basnett,mbasnett2d@narod.ru,0.207.145.24
87,Domingo,Smail,dsmail2e@usgs.gov,58.123.136.197
88,Peggie,Rabley,prabley2f@booking.com,56.2.210.157
89,Tadd,Anneslie,tanneslie2g@mlb.com,128.164.10.51
90,Rosie,Poolman,rpoolman2h@amazon.co.jp,56.5.191.180
91,Marris,Dunn,mdunn2i@desdev.cn,16.72.22.112
92,Kessia,Jezard,kjezard2j@intel.com,36.193.71.33
93,Hyacinth,Embury,hembury2k@imgur.com,238.117.236.186
94,Lonnie,Cornwall,lcornwall2l@barnesandnoble.com,34.162.232.216
95,Estrella,Lansdale,elansdale2m@rambler.ru,56.12.118.124
96,Brigit,Hacking,bhacking2n@wikispaces.com,195.213.92.57
97,Mordecai,Maffiotti,mmaffiotti2o@php.net,152.135.249.53
98,Salvidor,Nendick,snendick2p@smugmug.com,104.89.110.60
99,Grange,Fairbrass,gfairbrass2q@google.es,87.195.214.9
100,Adriaens,Perkins,aperkins2r@slashdot.org,188.95.163.191
